english,kinyarwanda
hello,Muraho
how are you,Amakuru
thank you,Murakoze
yes,Yego
no,Oya
how is it going,Bite
friend,Inshuti
family,Umuryango
water,Amazi
food,Ibiryo
house,Inzu
child,Umwana
man,Umugabo
woman,Umugore
school,Ishuri
work,Umurimo
God,Imana
love,Urukundo
song,Indirimbo
meat,Inyama
welcome,Ikaze
thank you very much,Urakoze cyane
i love you,Ndagukunda
good evening,Wiriwe
good night,Ijoro ryiza
have a nice day,Umunsi mwiza
i know,Ndabizi
not bad,Simbi
i am hungry,Ndashonje
i am thirsty,Ndanyotewe
i want,Ndashaka
i can do it,Ndabishoboye
i understand,Ndumva
i see,Ndabona
i am going,Ndagenda
come back,Garuka
wait,Tegereza
speak,Vuga
to hear,Kumva
to go,Kugenda
